{
  "method": "RH-NBV-Box",
  "occlusion": "none",
  "params": {
    "K": 10,
    "H": 3,
    "step_size": 0.065,
    "lambda": 2.0,
    "target": "box_15cm"
  },
  "num_iters": 12,
  "coverages": [
    0.0,
    26.85,
    31.48,
    36.67,
    43.49,
    43.78,
    43.8,
    43.9,
    44.05,
    49.94,
    50.92,
    52.15,
    52.15
  ],
  "f1_scores": [
    0.0,
    0.3809,
    0.3919,
    0.416,
    0.5206,
    0.5284,
    0.5474,
    0.5469,
    0.5566,
    0.5843,
    0.5847,
    0.5903,
    0.6163
  ],
  "recalls": [
    0.0,
    0.2476,
    0.2642,
    0.3113,
    0.4269,
    0.4363,
    0.4481,
    0.4528,
    0.4575,
    0.5212,
    0.5377,
    0.5542,
    0.592
  ],
  "precisions": [
    0.0,
    0.8251,
    0.7589,
    0.6267,
    0.6671,
    0.6698,
    0.7032,
    0.6903,
    0.7105,
    0.6648,
    0.6405,
    0.6314,
    0.6426
  ],
  "distances": [
    0.0,
    0.0488,
    0.0965,
    0.1455,
    0.3581,
    0.385,
    0.3923,
    0.4224,
    0.4464,
    0.8316,
    0.8858,
    1.0031,
    1.0031
  ],
  "times": [
    0.3,
    329.0,
    636.3,
    941.3,
    1246.6,
    4463.4,
    4911.2,
    5860.0,
    6342.3,
    6799.9,
    7291.3,
    7765.3,
    8318.1
  ],
  "ray_tracing_calls": [
    0,
    20,
    40,
    60,
    80,
    110,
    140,
    170,
    200,
    230,
    260,
    290,
    320
  ],
  "final_coverage": 52.15,
  "final_f1": 0.6163,
  "final_distance": 1.0031,
  "total_time": 8318.1,
  "total_ray_calls": 320,
  "visibility_efficiency": 52.1,
  "coverage_auc": 41.09,
  "hausdorff_distance": 0.071414,
  "chamfer_distance": 0.013425,
  "coverage_efficiency": 51.98,
  "stagnation_count": 1,
  "first_detection_iter": 1,
  "views_to_threshold": {
    "views_to_25pct": 1,
    "views_to_50pct": 10,
    "views_to_75pct": null
  },
  "views_to_f1_threshold": 1,
  "coverage_at_key_iters": {
    "0": 0.0,
    "3": 36.67,
    "6": 43.8,
    "9": 49.94,
    "12": 52.15
  },
  "sigma_series": [
    0.0,
    0.08217857033014297,
    0.09249705821275711,
    0.10969184339046478,
    0.1064760684967041,
    0.10650193691253662,
    0.10400047898292542,
    0.10417749732732773,
    0.10419071465730667,
    0.10774633288383484,
    0.1108064278960228,
    0.11119174212217331,
    0.11043872684240341
  ],
  "occluded_recall_series": [
    0.0,
    0.0,
    0.011848341232227487,
    0.023696682464454975,
    0.026066350710900472,
    0.026066350710900472,
    0.030805687203791468,
    0.02132701421800948,
    0.023696682464454975,
    0.035545023696682464,
    0.04028436018957346,
    0.04265402843601896,
    0.04739336492890995
  ]
}